{
  "project_info": {
    "project_number": "114008456299",
    "project_id": "quicktext-8c190",
    "storage_bucket": "quicktext-8c190.appspot.com"
  },
  "client": [
    {
      "client_info": {
        "mobilesdk_app_id": "1:114008456299:android:652838d8db49eac175c52e",
        "android_client_info": {
          "package_name": "com.uxama.quick_texts"
        }
      },
      "oauth_client": [
        {
          "client_id": "114008456299-40ncg3cs0pj5j3i3f0543qupgjl4mtm2.apps.googleusercontent.com",
          "client_type": 3
        }
      ],
      "api_key": [
        {
          "current_key": "AIzaSyCV8enu6YLXJvwAnsJjqbHoIOB56dLiqhk"
        }
      ],
      "services": {
        "appinvite_service": {
          "other_platform_oauth_client": [
            {
              "client_id": "114008456299-40ncg3cs0pj5j3i3f0543qupgjl4mtm2.apps.googleusercontent.com",
              "client_type": 3
            }
          ]
        }
      }
    }
  ],
  "configuration_version": "1"
}